archivos/10/original/1.wav	143.555	3.69565
archivos/10/original/2.wav	143.555	7.46294
archivos/2/original/6.wav	129.199	5.94737
archivos/2/original/7.wav	132.512	4.54601
archivos/2/original/8.wav	139.675	2.21138
archivos/2/original/10.wav	114.844	6.43963
archivos/10/original/11.wav	2.0	-1.0
archivos/2/original/12.wav	132.512	10.0
archivos/9/original/13.wav	109.957	8.0
archivos/9/original/14.wav	83.3543	3.625
archivos/9/original/15.wav	126.048	2.94406
archivos/10/original/17.wav	9.2	-1.0
archivos/10/original/18.wav	2.66667	-1.0
archivos/10/original/19.wav	5.73684	-1.0
archivos/10/original/20.wav	6.6	-1.0
archivos/10/original/21.wav	6.6	-1.0
archivos/10/original/22.wav	143.555	6.21307
archivos/10/original/23.wav	90.6661	4.37391
archivos/10/original/24.wav	198.768	5.0
archivos/10/original/25.wav	135.999	9.61333
archivos/10/original/27.wav	120.185	2.77698
archivos/10/original/28.wav	184.57	4.53261
archivos/10/original/29.wav	109.957	8.0
archivos/10/original/30.wav	184.57	4.87879
archivos/9/original/35.wav	120.185	5.06542
archivos/14/original/39.wav	112.347	2.58333
archivos/14/original/40.wav	112.347	6.42857
archivos/9/original/46.wav	90.6661	4.86207
archivos/9/original/47.wav	117.454	3.0
archivos/9/original/48.wav	80.7495	11.3939
archivos/9/original/49.wav	3.0	-1.0
archivos/14/original/50.wav	123.047	6.40026
archivos/14/original/51.wav	123.047	8.2281
archivos/14/original/52.wav	123.047	7.46618
archivos/14/original/54.wav	101.333	6.3913
archivos/15/original/55.wav	123.047	7.55172
archivos/15/original/56.wav	166.709	8.875
archivos/15/original/57.wav	166.709	3.84127
archivos/15/original/58.wav	83.3543	11.0
archivos/7/original/60.wav	90.6661	3.75652
archivos/19/original/62.wav	89.1029	5.0905
archivos/19/original/63.wav	86.1328	6.17372
archivos/19/original/64.wav	86.1328	6.78689
archivos/19/original/65.wav	114.844	8.0
archivos/19/original/66.wav	112.347	8.0
archivos/19/original/67.wav	172.266	9.78049
archivos/19/original/68.wav	117.454	6.41667
archivos/19/original/70.wav	9.05882	-1.0
archivos/19/original/71.wav	172.266	5.15385
archivos/19/original/72.wav	117.454	10.4068
archivos/19/original/74.wav	172.266	9.90909
archivos/19/original/75.wav	6.75	-1.0
archivos/19/original/76.wav	172.266	2.66667
archivos/19/original/77.wav	117.454	2.41414
archivos/9/original/78.wav	93.9631	4.02308
archivos/9/original/79.wav	6.42857	-1.0
archivos/9/original/80.wav	6.0	-1.0
archivos/9/original/81.wav	8.25	-1.0
archivos/9/original/83.wav	3.0	-1.0
archivos/9/original/84.wav	10.0	-1.0
archivos/14/original/85.wav	90.6661	3.36745
archivos/14/original/86.wav	101.333	7.64286
archivos/11/original/87.wav	123.047	6.12045
archivos/11/original/88.wav	151.999	5.45578
archivos/11/original/89.wav	143.555	6.85085
archivos/11/original/90.wav	143.555	8.18779
archivos/11/original/91.wav	129.199	4.04045
archivos/11/original/92.wav	99.384	3.8716
archivos/11/original/93.wav	161.499	6.63711
archivos/74/original/95.wav	101.333	7.52066
archivos/67/original/98.wav	103.359	3.07463
archivos/67/original/99.wav	103.359	1.96418
archivos/67/original/101.wav	77.1339	6.69231
archivos/67/original/102.wav	101.333	7.5
archivos/67/original/104.wav	101.333	5.94627
archivos/67/original/105.wav	4.17647	-1.0
archivos/67/original/106.wav	5.73684	-1.0
archivos/67/original/107.wav	6.0	-1.0
archivos/67/original/108.wav	103.359	5.19718
archivos/67/original/109.wav	147.656	6.57143
archivos/67/original/110.wav	8.0	-1.0
archivos/67/original/111.wav	8.0	-1.0
archivos/67/original/112.wav	103.359	6.48276
archivos/77/original/113.wav	93.9631	4.78557
archivos/19/original/114.wav	101.333	8.21074
archivos/82/original/117.wav	99.384	4.44514
archivos/83/original/118.wav	77.1339	3.1663
archivos/83/original/119.wav	117.454	1.0
archivos/83/original/121.wav	1.0	-1.0
archivos/83/original/122.wav	9.0	-1.0
archivos/83/original/123.wav	117.454	5.94118
archivos/83/original/124.wav	78.3026	5.17143
archivos/83/original/125.wav	1.0	-1.0
archivos/83/original/126.wav	1.88889	-1.0
archivos/19/original/128.wav	90.6661	2.12557
archivos/19/original/129.wav	123.047	2.13767
archivos/19/original/130.wav	90.6661	2.67118
archivos/19/original/131.wav	117.454	7.75862
archivos/67/original/135.wav	74.8981	6.41298
archivos/67/original/136.wav	73.8281	6.90855
archivos/67/original/137.wav	147.656	6.58112
archivos/67/original/138.wav	114.844	8.0885
archivos/7/original/140.wav	7.0	-1.0
archivos/7/original/141.wav	13.0	-1.0
archivos/2/original/142.wav	1.57143	-1.0
archivos/15/original/143.wav	1.57143	-1.0
archivos/9/original/144.wav	3.0	-1.0
archivos/9/original/145.wav	65.4173	3.1
archivos/19/original/147.wav	8.8	-1.0
archivos/19/original/148.wav	6.2	-1.0
archivos/67/original/149.wav	132.512	3.78
archivos/14/original/150.wav	132.512	5.38134
archivos/14/original/151.wav	75.9995	5.36153
archivos/67/original/152.wav	73.8281	5.43793
archivos/67/original/153.wav	151.999	6.47476
archivos/7/original/155.wav	120.185	11.0
archivos/7/original/156.wav	6.4	-1.0
archivos/7/original/157.wav	126.048	7.71053
archivos/7/original/158.wav	6.5	-1.0
archivos/7/original/159.wav	6.5	-1.0
archivos/19/original/160.wav	117.454	2.02793
archivos/19/original/161.wav	117.454	3.0
archivos/83/original/162.wav	117.454	5.94118
archivos/83/original/163.wav	114.844	5.79167
archivos/83/original/164.wav	78.3026	5.29412
archivos/83/original/165.wav	151.999	3.0
archivos/7/original/168.wav	5.75	-1.0
archivos/7/original/169.wav	8.0	-1.0
archivos/67/original/170.wav	95.7031	7.68951
archivos/108/original/173.wav	151.999	5.40756
archivos/108/original/174.wav	151.999	5.38462
archivos/108/original/175.wav	90.6661	4.54545
archivos/108/original/176.wav	90.6661	4.92661
archivos/108/original/177.wav	101.333	5.88462
archivos/108/original/178.wav	101.333	5.02442
archivos/108/original/179.wav	101.333	5.76923
archivos/108/original/180.wav	101.333	4.66022
archivos/15/original/181.wav	82.0312	5.90909
archivos/15/original/182.wav	82.0312	3.78788
archivos/15/original/183.wav	82.0312	5.0
archivos/15/original/184.wav	82.0312	5.90909
archivos/15/original/186.wav	166.709	8.4127
archivos/14/original/187.wav	82.0312	3.78788
archivos/14/original/188.wav	82.0312	5.0
archivos/9/original/189.wav	82.0312	8.91406
archivos/9/original/190.wav	166.709	7.4554
archivos/118/original/192.wav	126.048	7.6914
archivos/14/original/193.wav	109.957	5.0
archivos/14/original/194.wav	109.957	2.5
archivos/19/original/196.wav	109.957	5.25
archivos/59/original/197.wav	1.33333	-1.0
archivos/59/original/198.wav	2.0	-1.0
archivos/59/original/199.wav	112.347	8.33333
archivos/59/original/200.wav	1.5	-1.0
archivos/59/original/201.wav	1.83333	-1.0
archivos/59/original/202.wav	2.0	-1.0
archivos/67/original/203.wav	95.7031	3.41176
archivos/19/original/204.wav	147.656	5.08333
archivos/19/original/205.wav	112.347	3.0
archivos/19/original/206.wav	112.347	6.0
archivos/19/original/207.wav	112.347	6.33333
archivos/160/original/210.wav	92.2852	3.63532
archivos/9/original/211.wav	92.2852	10.1429
archivos/9/original/212.wav	92.2852	3.58764
archivos/11/original/214.wav	120.185	1.64638
archivos/11/original/216.wav	97.5088	3.07012
archivos/11/original/217.wav	90.6661	2.58602
archivos/9/original/218.wav	114.844	5.24691
archivos/19/original/219.wav	92.2852	2.88146
archivos/19/original/220.wav	93.9631	6.14286
archivos/32/original/222.wav	120.185	2.79167
archivos/32/original/223.wav	101.333	7.74249
archivos/135/original/224.wav	107.666	3.47959
archivos/135/original/225.wav	107.666	3.6
archivos/135/original/226.wav	147.656	5.32877
archivos/165/original/227.wav	101.333	4.53761
archivos/38/original/228.wav	109.957	4.36861
archivos/171/original/230.wav	112.347	4.24296
archivos/171/original/231.wav	103.359	5.25729
archivos/171/original/232.wav	95.7031	11.405
archivos/32/original/234.wav	123.047	6.39223
archivos/174/original/235.wav	161.499	8.22995
archivos/9/original/237.wav	123.047	5.42681
archivos/179/original/238.wav	109.957	1.41431
archivos/19/original/239.wav	123.047	5.16279
archivos/19/original/240.wav	120.185	7.88372
archivos/19/original/241.wav	123.047	6.51163
archivos/19/original/242.wav	123.047	5.27273
archivos/186/original/243.wav	95.7031	7.6566
archivos/74/original/248.wav	198.768	5.93578
archivos/74/original/250.wav	95.7031	11.7016
archivos/79/original/251.wav	135.999	3.93913
archivos/15/original/253.wav	172.266	1.91803
archivos/15/original/254.wav	172.266	6.55224
archivos/208/original/256.wav	92.2852	6.5841
archivos/212/original/258.wav	90.6661	7.52961
archivos/212/original/259.wav	90.6661	6.41118
archivos/14/original/260.wav	80.7495	6.8638
archivos/179/original/261.wav	143.555	3.58786
archivos/32/original/262.wav	120.185	9.96591
archivos/11/original/263.wav	132.512	5.50685
archivos/9/original/264.wav	6.63636	-1.0
archivos/14/original/265.wav	117.454	3.60714
archivos/9/original/266.wav	120.185	9.75712
archivos/9/original/268.wav	9.0	-1.0
archivos/19/original/269.wav	112.347	8.66154
archivos/244/original/270.wav	3.0	-1.0
archivos/244/original/271.wav	3.0	-1.0
archivos/244/original/272.wav	10.6	-1.0
archivos/244/original/273.wav	5.0	-1.0
archivos/79/original/274.wav	117.454	3.80846
archivos/251/original/278.wav	90.6661	4.6887
archivos/251/original/279.wav	101.333	6.48709
archivos/251/original/280.wav	90.6661	5.71753
archivos/251/original/281.wav	92.2852	5.61429
archivos/251/original/282.wav	90.6661	3.46577
archivos/251/original/283.wav	90.6661	4.32186
archivos/251/original/284.wav	90.6661	5.75
archivos/185/original/287.wav	132.512	3.39506
archivos/255/original/288.wav	101.333	6.24538
archivos/79/original/290.wav	117.454	3.92857
archivos/32/original/291.wav	90.6661	3.13793
archivos/32/original/292.wav	4.14286	-1.0
archivos/255/original/293.wav	105.469	4.63672
archivos/255/original/294.wav	132.512	6.28666
archivos/255/original/295.wav	101.333	3.01057
archivos/255/original/297.wav	132.512	5.12821
archivos/74/original/302.wav	114.844	11.5831
archivos/74/original/303.wav	166.709	2.02463
archivos/281/original/304.wav	126.048	7.27778
archivos/281/original/305.wav	101.333	7.00661
archivos/281/original/306.wav	135.999	3.10961
archivos/285/original/307.wav	120.185	10.0
archivos/283/original/308.wav	93.9631	9.94359
archivos/281/original/311.wav	99.384	2.25674
archivos/281/original/312.wav	95.7031	6.68433
archivos/281/original/313.wav	161.499	4.30194
archivos/283/original/314.wav	6.42857	-1.0
archivos/281/original/315.wav	135.999	7.47956
archivos/281/original/316.wav	129.199	4.70236
archivos/14/original/317.wav	80.7495	6.42493
archivos/2/original/319.wav	123.047	5.90244
archivos/212/original/320.wav	101.333	6.16418
archivos/212/original/322.wav	105.469	5.95115
archivos/212/original/323.wav	161.499	5.6038
archivos/212/original/324.wav	101.333	5.55902
archivos/59/original/325.wav	2.0	-1.0
archivos/59/original/326.wav	2.0	-1.0
archivos/59/original/327.wav	1.90909	-1.0
archivos/59/original/328.wav	9.0	-1.0
archivos/293/original/329.wav	109.957	5.34264
archivos/293/original/330.wav	132.512	4.18478
archivos/293/original/331.wav	114.844	3.23852
archivos/309/original/332.wav	105.469	7.01611
archivos/309/original/334.wav	5.33333	-1.0
archivos/309/original/336.wav	2.5	-1.0
archivos/309/original/337.wav	4.0	-1.0
archivos/309/original/338.wav	4.6	-1.0
archivos/309/original/339.wav	2.0	-1.0
archivos/309/original/340.wav	2.0	-1.0
archivos/309/original/341.wav	3.0	-1.0
archivos/309/original/342.wav	8.0	-1.0
archivos/80/original/344.wav	143.555	5.96396
archivos/293/original/346.wav	90.6661	4.07055
archivos/309/original/347.wav	120.185	2.97572
archivos/9/original/348.wav	6.0	-1.0
archivos/9/original/349.wav	9.25	-1.0
archivos/9/original/350.wav	112.347	5.264
archivos/324/original/355.wav	126.048	7.89454
archivos/324/original/356.wav	135.999	3.95406
archivos/212/original/357.wav	101.333	5.31565
archivos/9/original/358.wav	112.347	5.54653
archivos/330/original/359.wav	123.047	3.01709
archivos/330/original/361.wav	105.469	4.16888
archivos/212/original/364.wav	86.1328	4.89579
archivos/212/original/365.wav	86.1328	3.32039
archivos/38/original/367.wav	101.333	4.20654
archivos/19/original/368.wav	112.347	8.0
archivos/19/original/369.wav	112.347	8.0
archivos/212/original/373.wav	112.347	4.33549
archivos/212/original/374.wav	112.347	4.32901
archivos/355/original/375.wav	129.199	4.8509
archivos/357/original/377.wav	95.7031	5.04013
archivos/293/original/378.wav	132.512	7.58768
archivos/14/original/380.wav	90.6661	1.9122
archivos/11/original/382.wav	132.512	4.45714
archivos/11/original/383.wav	132.512	2.65714
archivos/11/original/384.wav	132.512	1.28571
archivos/387/original/386.wav	105.469	5.87898
archivos/185/original/387.wav	7.0	-1.0
archivos/387/original/389.wav	105.469	8.7585
archivos/387/original/390.wav	95.7031	6.34066
archivos/387/original/391.wav	101.333	7.0403
archivos/15/original/393.wav	161.499	7.50769
archivos/407/original/397.wav	9.0	-1.0
archivos/395/original/414.wav	92.2852	5.44828
archivos/395/original/415.wav	161.499	7.41379
archivos/395/original/417.wav	80.7495	6.58621
archivos/395/original/418.wav	107.666	6.51724
archivos/387/original/419.wav	132.512	4.10559
archivos/74/original/424.wav	132.512	7.87273
archivos/395/original/425.wav	126.048	3.91045
archivos/395/original/426.wav	5.0	-1.0
archivos/395/original/427.wav	13.0	-1.0
archivos/395/original/428.wav	3.82353	-1.0
archivos/395/original/429.wav	3.88235	-1.0
archivos/74/original/430.wav	132.512	5.8303
archivos/74/original/431.wav	135.999	3.18182
archivos/74/original/432.wav	132.512	7.98788
archivos/395/original/433.wav	126.048	8.76038
archivos/395/original/434.wav	198.768	11.1502
archivos/395/original/435.wav	147.656	5.06195
archivos/430/original/436.wav	112.347	9.33001
archivos/395/original/437.wav	156.605	9.67361
archivos/395/original/439.wav	123.047	9.63366
archivos/395/original/440.wav	84.7208	3.2766
archivos/395/original/441.wav	112.347	5.95745
archivos/395/original/442.wav	143.555	5.57447
archivos/434/original/443.wav	120.185	2.23529
archivos/434/original/444.wav	123.047	3.93673
archivos/185/original/445.wav	10.3333	-1.0
archivos/185/original/446.wav	4.66667	-1.0
archivos/331/original/447.wav	83.3543	2.73148
archivos/331/original/448.wav	147.656	5.60669
archivos/186/original/449.wav	156.605	3.97904
archivos/185/original/456.wav	10.0	-1.0
archivos/331/original/457.wav	1.875	-1.0
archivos/457/original/458.wav	126.048	8.88298
archivos/470/original/459.wav	139.675	3.84676
archivos/484/original/464.wav	90.6661	4.75
archivos/484/original/465.wav	90.6661	4.75
archivos/500/original/466.wav	2.45455	-1.0
archivos/501/original/467.wav	2.0	-1.0
archivos/480/original/475.wav	120.185	5.66159
archivos/529/original/476.wav	139.675	8.02326
archivos/534/original/477.wav	92.2852	1.68
archivos/458/original/478.wav	135.999	6.83216
archivos/541/original/479.wav	151.999	5.06527
archivos/543/original/480.wav	147.656	4.02183
archivos/550/original/482.wav	105.469	7.31607
archivos/550/original/483.wav	105.469	4.03655
archivos/563/original/485.wav	126.048	4.27646
archivos/562/original/487.wav	147.656	6.39384
archivos/387/original/488.wav	132.512	2.70671
archivos/589/original/490.wav	139.675	6.74909
archivos/543/original/491.wav	143.555	4.15798
archivos/185/original/493.wav	10.0	-1.0
archivos/439/original/494.wav	107.666	4.89411
archivos/439/original/495.wav	120.185	6.17812
archivos/439/original/504.wav	117.454	5.11783
archivos/432/original/506.wav	143.555	7.19481
archivos/38/original/508.wav	101.333	4.65962
archivos/38/original/509.wav	135.999	7.22922
archivos/610/original/510.wav	107.666	3.56757
archivos/610/original/511.wav	120.185	3.25442
archivos/610/original/512.wav	120.185	3.91429
archivos/610/original/513.wav	135.999	2.43226
archivos/610/original/514.wav	123.047	3.45455
archivos/610/original/515.wav	1.76923	-1.0
archivos/610/original/516.wav	105.469	1.0
archivos/610/original/517.wav	105.469	3.8
archivos/615/original/518.wav	123.047	2.48043
archivos/387/original/519.wav	132.512	5.71255
archivos/7/original/520.wav	105.469	6.39662
archivos/623/original/521.wav	156.605	2.6114
archivos/387/original/523.wav	123.047	3.0
archivos/629/original/524.wav	123.047	4.34872
archivos/629/original/525.wav	123.047	4.37398
archivos/629/original/526.wav	123.047	2.06878
archivos/629/original/527.wav	129.199	3.5152
archivos/630/original/529.wav	151.999	4.13475
archivos/632/original/530.wav	123.047	3.94565
archivos/632/original/531.wav	161.499	5.34706
archivos/38/original/532.wav	143.555	9.3177
archivos/38/original/533.wav	161.499	6.04878
archivos/74/original/534.wav	132.512	3.32416
archivos/38/original/535.wav	114.844	4.23457
archivos/38/original/536.wav	109.957	6.74595
archivos/2/original/537.wav	93.9631	3.13755
archivos/642/original/538.wav	156.605	3.65549
archivos/642/original/539.wav	126.048	2.26804
archivos/642/original/541.wav	101.333	6.56283
archivos/647/original/542.wav	105.469	4.10366
archivos/647/original/543.wav	90.6661	7.08646
archivos/647/original/544.wav	109.957	5.90941
archivos/647/original/545.wav	95.7031	8.48416
archivos/38/original/546.wav	151.999	5.45041
archivos/543/original/549.wav	156.605	5.83966
archivos/650/original/550.wav	107.666	6.68874
archivos/255/original/552.wav	107.666	8.52846
archivos/654/original/553.wav	114.844	5.91221
archivos/665/original/554.wav	93.9631	9.92537
archivos/665/original/559.wav	93.9631	7.64211
archivos/667/original/561.wav	129.199	6.23353
archivos/665/original/562.wav	90.6661	9.48148
archivos/665/original/563.wav	123.047	5.57292
archivos/665/original/564.wav	120.185	5.98438
archivos/665/original/567.wav	120.185	5.45833
archivos/14/original/573.wav	90.6661	11.087
archivos/430/original/575.wav	129.199	8.34094
archivos/709/original/576.wav	143.555	9.65683
archivos/665/original/578.wav	123.047	5.15561
archivos/10/original/581.wav	129.199	2.01777
archivos/10/original/582.wav	172.266	1.66667
archivos/10/original/583.wav	101.333	1.0241
archivos/10/original/584.wav	84.7208	5.66667
archivos/10/original/585.wav	129.199	7.0
archivos/650/original/586.wav	172.266	5.51391
archivos/739/original/587.wav	1.0	-1.0
archivos/647/original/588.wav	114.844	9.96223
archivos/749/original/589.wav	114.844	3.04598
archivos/400/original/590.wav	126.048	7.21495
archivos/752/original/592.wav	143.555	5.37008
archivos/753/original/593.wav	161.499	5.11041
archivos/630/original/594.wav	97.5088	8.33654
archivos/753/original/595.wav	166.709	3.56726
archivos/753/original/596.wav	156.605	3.98896
archivos/752/original/599.wav	166.709	4.09804
archivos/359/original/602.wav	161.499	5.68385
archivos/359/original/603.wav	79.5072	1.0
archivos/359/original/605.wav	105.469	7.63265
archivos/359/original/606.wav	161.499	5.5102
archivos/331/original/608.wav	126.048	7.27933
archivos/783/original/609.wav	90.6661	2.78472
archivos/783/original/610.wav	90.6661	4.36111
archivos/794/original/611.wav	90.6661	4.61672
archivos/487/original/612.wav	172.266	7.19016
archivos/487/original/613.wav	166.709	6.81432
archivos/487/original/614.wav	147.656	8.03803
archivos/796/original/615.wav	135.999	7.34422
archivos/796/original/616.wav	105.469	6.68898
archivos/752/original/617.wav	147.656	2.5037
archivos/803/original/618.wav	86.1328	6.12264
archivos/803/original/619.wav	97.5088	7.12424
archivos/752/original/620.wav	86.1328	8.93227
archivos/752/original/621.wav	135.999	3.90084
archivos/808/original/622.wav	120.185	4.61798
archivos/808/original/623.wav	161.499	4.1692
archivos/372/original/624.wav	120.185	5.01575
archivos/821/original/625.wav	101.333	4.12287
archivos/821/original/626.wav	90.6661	3.97416
archivos/800/original/630.wav	112.347	6.26164
archivos/10/original/631.wav	84.7208	4.61905
archivos/10/original/632.wav	97.5088	8.66667
archivos/821/original/635.wav	161.499	6.96302
archivos/794/original/636.wav	90.6661	10.738
archivos/251/original/637.wav	92.2852	4.05556
archivos/783/original/638.wav	123.047	7.3624
archivos/794/original/639.wav	129.199	3.70175
archivos/848/original/640.wav	132.512	5.43902
archivos/848/original/641.wav	166.709	5.61137
archivos/331/original/642.wav	3.66667	-1.0
archivos/331/original/643.wav	2.0	-1.0
archivos/331/original/644.wav	4.0	-1.0
archivos/331/original/645.wav	3.66667	-1.0
archivos/331/original/646.wav	11.0	-1.0
archivos/331/original/647.wav	78.3026	6.20499
archivos/856/original/648.wav	156.605	3.66667
archivos/846/original/649.wav	132.512	1.01205
archivos/846/original/650.wav	87.5927	3.56541
archivos/59/original/651.wav	78.3026	8.56691
archivos/845/original/652.wav	132.512	2.51948
archivos/860/original/653.wav	99.384	5.35944
archivos/860/original/655.wav	139.675	5.08357
archivos/860/original/656.wav	92.2852	7.17884
archivos/860/original/657.wav	143.555	6.65411
archivos/860/original/658.wav	132.512	1.93496
archivos/860/original/659.wav	143.555	5.25803
archivos/46/original/660.wav	184.57	3.58047
archivos/868/original/661.wav	120.185	8.0
archivos/794/original/663.wav	4.0	-1.0
archivos/46/original/666.wav	184.57	4.33846
archivos/880/original/669.wav	90.6661	6.18241
archivos/46/original/670.wav	92.2852	3.06154
archivos/46/original/671.wav	114.844	2.31301
archivos/46/original/672.wav	120.185	1.93651
archivos/46/original/673.wav	156.605	1.0
archivos/46/original/674.wav	151.999	1.0
archivos/46/original/675.wav	90.6661	3.57938
archivos/46/original/676.wav	172.266	2.34301
archivos/46/original/677.wav	151.999	3.94737
archivos/46/original/678.wav	90.6661	3.4755
archivos/46/original/679.wav	246.094	1.77778
archivos/46/original/680.wav	147.656	1.61726
archivos/46/original/681.wav	90.6661	5.94455
archivos/46/original/682.wav	224.694	1.68657
archivos/46/original/683.wav	166.709	1.17635
archivos/46/original/684.wav	101.333	2.02814
archivos/46/original/685.wav	246.094	3.12946
archivos/46/original/686.wav	172.266	1.76735
archivos/46/original/687.wav	156.605	3.97561
archivos/46/original/688.wav	147.656	2.39566
archivos/46/original/689.wav	120.185	1.0
archivos/46/original/690.wav	120.185	1.0
archivos/46/original/691.wav	143.555	2.34783
archivos/46/original/692.wav	139.675	2.28144
archivos/46/original/693.wav	117.454	4.54352
archivos/46/original/694.wav	120.185	3.03675
archivos/46/original/695.wav	132.512	2.22684
archivos/46/original/696.wav	172.266	1.12469
archivos/46/original/697.wav	191.406	4.41618
archivos/881/original/698.wav	126.048	3.95161
archivos/880/original/701.wav	139.675	4.72215
archivos/880/original/702.wav	151.999	7.08877
archivos/880/original/703.wav	156.605	7.37909
archivos/880/original/704.wav	156.605	5.95279
archivos/907/original/705.wav	101.333	7.77273
archivos/907/original/708.wav	151.999	4.4644
archivos/907/original/709.wav	105.469	6.49474
archivos/912/original/710.wav	80.7495	3.08745
archivos/881/original/714.wav	129.199	4.01382
archivos/920/original/715.wav	90.6661	1.36524
archivos/920/original/716.wav	151.999	6.88327
archivos/920/original/717.wav	178.206	6.76873
archivos/920/original/718.wav	109.957	6.03261
archivos/920/original/719.wav	107.666	8.53988
archivos/920/original/720.wav	101.333	6.33206
archivos/920/original/721.wav	117.454	6.90985
archivos/920/original/722.wav	156.605	3.72007
archivos/920/original/723.wav	105.469	5.94079
archivos/920/original/724.wav	161.499	6.35902
archivos/920/original/725.wav	109.957	8.96137
archivos/920/original/726.wav	90.6661	9.60633
archivos/923/original/728.wav	112.347	6.70545
archivos/880/original/730.wav	151.999	2.95092
archivos/952/original/734.wav	129.199	5.69449
archivos/963/original/739.wav	101.333	2.45926
archivos/963/original/740.wav	132.512	4.43293
archivos/667/original/743.wav	129.199	4.43137
archivos/667/original/744.wav	97.5088	5.15152
archivos/667/original/745.wav	156.605	7.54545
archivos/667/original/747.wav	117.454	3.95238
archivos/642/original/748.wav	139.675	6.34839
archivos/920/original/750.wav	80.7495	4.29478
archivos/920/original/751.wav	90.6661	1.36524
archivos/15/original/752.wav	101.333	6.11538
archivos/15/original/753.wav	101.333	1.92308
archivos/15/original/754.wav	101.333	9.25
archivos/15/original/755.wav	101.333	4.68129
archivos/15/original/756.wav	101.333	2.69053
archivos/15/original/758.wav	101.333	2.69053
archivos/1012/original/759.wav	129.199	5.93354
archivos/1016/original/760.wav	93.9631	4.81172
archivos/1016/original/761.wav	120.185	7.47893
archivos/830/original/762.wav	126.048	2.41818
archivos/1034/original/764.wav	95.7031	3.73171
archivos/108/original/765.wav	132.512	6.33708
archivos/108/original/766.wav	95.7031	3.57282
archivos/7/original/767.wav	132.512	9.48889
archivos/869/original/768.wav	107.666	3.60536
archivos/1040/original/769.wav	117.454	8.63474
archivos/1043/original/770.wav	166.709	2.54896
archivos/1044/original/771.wav	107.666	2.82906
archivos/1046/original/772.wav	87.5927	6.07843
archivos/846/original/773.wav	87.5927	4.4
archivos/846/original/775.wav	87.5927	7.43333
archivos/846/original/777.wav	89.1029	4.16667
archivos/7/original/779.wav	156.605	1.5
archivos/1062/original/780.wav	143.555	9.69024
archivos/1062/original/781.wav	99.384	9.0
archivos/904/original/782.wav	166.709	3.4
archivos/1062/original/783.wav	143.555	9.69024
archivos/1074/original/784.wav	117.454	1.47748
archivos/1079/original/789.wav	78.3026	3.97974
archivos/1074/original/790.wav	114.844	6.39448
archivos/1074/original/791.wav	151.999	2.76913
archivos/1086/original/792.wav	139.675	5.16431
archivos/904/original/795.wav	166.709	5.09701
archivos/904/original/796.wav	139.675	7.13465
archivos/904/original/797.wav	99.384	5.74916
archivos/981/original/798.wav	80.7495	7.59084
archivos/7/original/799.wav	123.047	6.96552
archivos/869/original/801.wav	107.666	4.34933
archivos/869/original/802.wav	143.555	5.07115
archivos/869/original/803.wav	107.666	6.04223
archivos/869/original/804.wav	147.656	3.41502
archivos/869/original/805.wav	107.666	5.96161
archivos/869/original/806.wav	166.709	4.45843
archivos/869/original/807.wav	161.499	3.93474
archivos/869/original/808.wav	161.499	3.95652
archivos/869/original/809.wav	129.199	4.70751
archivos/654/original/811.wav	117.454	8.76064
archivos/1062/original/812.wav	90.6661	5.205
archivos/654/original/814.wav	3.0	-1.0
archivos/654/original/815.wav	161.499	11.4627
archivos/654/original/816.wav	10.75	-1.0
archivos/654/original/817.wav	3.88889	-1.0
archivos/654/original/818.wav	7.33333	-1.0
archivos/654/original/820.wav	151.999	7.34667
archivos/475/original/821.wav	129.199	7.07965
archivos/654/original/823.wav	156.605	7.81622
archivos/654/original/824.wav	120.185	4.31368
archivos/1119/original/835.wav	139.675	5.76571
archivos/1119/original/836.wav	161.499	6.09278
archivos/1119/original/837.wav	74.8981	4.96339
archivos/1040/original/841.wav	101.333	1.81593
archivos/1127/original/842.wav	191.406	8.40138
archivos/1127/original/844.wav	92.2852	3.74863
archivos/1118/original/846.wav	161.499	7.1125
archivos/794/original/847.wav	129.199	3.78014
archivos/1078/original/848.wav	112.347	3.0
archivos/1078/original/850.wav	101.333	3.87593
archivos/1078/original/851.wav	120.185	5.48073
archivos/1078/original/852.wav	123.047	3.79024
archivos/1078/original/853.wav	143.555	9.46753
archivos/255/original/855.wav	95.7031	10.3818
archivos/255/original/856.wav	191.406	7.70554
archivos/255/original/857.wav	191.406	7.42256
archivos/1074/original/858.wav	97.5088	6.3222
archivos/783/original/859.wav	123.047	7.61991
archivos/1147/original/861.wav	95.7031	6.25547
archivos/387/original/866.wav	132.512	8.82591
archivos/783/original/867.wav	161.499	6.2303
archivos/783/original/868.wav	101.333	3.0
archivos/255/original/871.wav	95.7031	8.6826
archivos/886/original/872.wav	3.53846	-1.0
archivos/255/original/873.wav	107.666	5.0
archivos/255/original/874.wav	184.57	3.45315
archivos/1169/original/875.wav	161.499	8.98545
archivos/654/original/877.wav	143.555	7.57634
archivos/1132/original/878.wav	135.999	4.92962
archivos/830/original/881.wav	161.499	6.17959
archivos/800/original/882.wav	112.347	5.33151
archivos/800/original/883.wav	117.454	6.59567
archivos/800/original/885.wav	92.2852	5.29379
archivos/846/original/886.wav	156.605	5.48028
archivos/654/original/887.wav	129.199	5.87952
archivos/372/original/889.wav	156.605	4.7931
archivos/1204/original/890.wav	147.656	4.93586
archivos/1204/original/891.wav	109.957	2.76782
archivos/961/original/893.wav	69.8374	10.3299
archivos/543/original/894.wav	151.999	5.81159
archivos/1215/original/899.wav	112.347	3.42375
archivos/1215/original/900.wav	132.512	9.74194
archivos/1215/original/901.wav	101.333	5.66027
archivos/1167/original/903.wav	143.555	7.38496
archivos/1220/original/904.wav	109.957	6.7704
archivos/1220/original/905.wav	126.048	3.90873
archivos/1220/original/906.wav	129.199	6.71968
archivos/1167/original/907.wav	143.555	7.38496
archivos/961/original/909.wav	69.8374	10.3299
archivos/1215/original/911.wav	101.333	4.88889
archivos/475/original/912.wav	129.199	7.07965
archivos/654/original/913.wav	97.5088	3.96476
archivos/1238/original/914.wav	117.454	7.36404
archivos/1246/original/915.wav	139.675	7.09867
archivos/1256/original/922.wav	172.266	8.80287
archivos/1220/original/923.wav	103.359	6.04575
archivos/387/original/924.wav	191.406	7.49904
archivos/1265/original/925.wav	120.185	7.45812
archivos/1238/original/926.wav	112.347	1.1097
archivos/1288/original/927.wav	126.048	6.23679
archivos/72/original/928.wav	101.333	4.86266
archivos/72/original/929.wav	120.185	4.00288
archivos/72/original/932.wav	132.512	4.54833
archivos/846/original/933.wav	143.555	3.72727
archivos/72/original/934.wav	120.185	3.0724
archivos/1310/original/940.wav	112.347	2.392
archivos/1144/original/944.wav	90.6661	4.00267
archivos/1295/original/945.wav	120.185	7.38971
archivos/1318/original/947.wav	147.656	7.56743
archivos/1318/original/948.wav	105.469	5.4658
archivos/1318/original/949.wav	143.555	5.0767
archivos/1330/original/950.wav	132.512	2.59104
archivos/1318/original/953.wav	156.605	8.72374
archivos/1337/original/954.wav	129.199	7.49268
archivos/118/original/955.wav	103.359	9.30488
archivos/355/original/957.wav	90.6661	2.57867
archivos/1341/original/959.wav	83.3543	3.45263
archivos/1341/original/960.wav	112.347	6.2
archivos/1344/original/961.wav	126.048	5.86611
archivos/1344/original/962.wav	151.999	5.2031
archivos/1344/original/963.wav	90.6661	5.02422
archivos/1144/original/964.wav	90.6661	5.6679
archivos/1283/original/965.wav	92.2852	8.18182
archivos/251/original/966.wav	90.6661	5.31579
archivos/251/original/968.wav	90.6661	4.36306
archivos/1341/original/971.wav	143.555	6.16892
archivos/1352/original/972.wav	90.6661	6.04623
archivos/1353/original/973.wav	135.999	6.07746
archivos/1353/original/974.wav	178.206	6.31559
archivos/1360/original/976.wav	161.499	5.36828
archivos/1361/original/977.wav	143.555	3.0973
archivos/1361/original/978.wav	151.999	3.77222
archivos/1362/original/979.wav	105.469	2.22491
archivos/1015/original/980.wav	73.8281	8.02469
archivos/904/original/982.wav	135.999	7.21505
archivos/904/original/983.wav	191.406	2.81308
archivos/904/original/984.wav	101.333	7.0
archivos/80/original/985.wav	70.7941	6.35395
archivos/80/original/986.wav	191.406	3.97143
archivos/563/original/988.wav	80.7495	5.33227
archivos/563/original/989.wav	123.047	3.34227
archivos/563/original/990.wav	129.199	4.63206
archivos/1398/original/992.wav	105.469	2.2757
archivos/1398/original/993.wav	90.6661	8.98546
archivos/1404/original/995.wav	95.7031	3.58411
archivos/1404/original/996.wav	95.7031	5.07911
archivos/1404/original/997.wav	99.384	4.46405
archivos/1407/original/998.wav	101.333	2.31683
archivos/1407/original/1000.wav	101.333	3.29307
archivos/1407/original/1001.wav	101.333	1.85347
archivos/1407/original/1002.wav	101.333	2.0396
archivos/1407/original/1011.wav	132.512	4.06971
archivos/1407/original/1012.wav	129.199	7.18767
archivos/1407/original/1013.wav	65.4173	5.26027
archivos/1407/original/1014.wav	132.512	3.51743
archivos/255/original/1016.wav	3.57143	-1.0
archivos/255/original/1017.wav	68.9062	5.18182
archivos/255/original/1018.wav	101.333	3.51852
archivos/255/original/1019.wav	1.2	-1.0
archivos/1421/original/1022.wav	95.7031	5.17931
archivos/1426/original/1023.wav	123.047	6.50538
archivos/1426/original/1024.wav	95.7031	2.18705
archivos/14/original/1027.wav	101.333	2.42466
archivos/14/original/1028.wav	101.333	2.42466
archivos/1426/original/1029.wav	92.2852	4.36559
archivos/1220/original/1030.wav	184.57	1.57323
archivos/1220/original/1031.wav	123.047	5.84053
archivos/1220/original/1032.wav	129.199	6.68067
archivos/1220/original/1033.wav	147.656	4.86538
archivos/562/original/1034.wav	132.512	7.40088
archivos/1457/original/1035.wav	166.709	3.12606
archivos/72/original/1036.wav	123.047	5.58405
archivos/1462/original/1037.wav	109.957	7.2698
archivos/637/original/1038.wav	161.499	7.91818
archivos/637/original/1039.wav	95.7031	3.02941
archivos/637/original/1040.wav	95.7031	1.81928
archivos/562/original/1041.wav	90.6661	7.81776
archivos/387/original/1043.wav	101.333	1.05357
archivos/1169/original/1044.wav	161.499	8.98545
archivos/1504/original/1045.wav	80.7495	4.6807
archivos/1517/original/1046.wav	123.047	4.05882
archivos/1496/original/1048.wav	1.5	-1.0
archivos/1537/original/1050.wav	156.605	4.85089
archivos/1358/original/1051.wav	92.2852	9.82977
archivos/1541/original/1052.wav	135.999	7.34551
archivos/1541/original/1060.wav	147.656	6.05689
archivos/1541/original/1061.wav	120.185	6.49388
archivos/1543/original/1062.wav	105.469	6.15026
archivos/1407/original/1065.wav	143.555	5.51661
archivos/1407/original/1066.wav	143.555	5.99492
archivos/1545/original/1071.wav	112.347	6.05263
archivos/1586/original/1073.wav	101.333	6.89228
archivos/72/original/1074.wav	120.185	7.52465
archivos/72/original/1075.wav	123.047	7.51974
archivos/72/original/1076.wav	101.333	7.39771
archivos/1594/original/1077.wav	126.048	2.57766
archivos/1545/original/1078.wav	99.384	5.93617
archivos/1606/original/1083.wav	109.957	7.17513
archivos/1606/original/1084.wav	139.675	2.70793
archivos/1606/original/1085.wav	107.666	4.75155
archivos/1545/original/1086.wav	87.5927	7.57143
archivos/869/original/1087.wav	156.605	7.3513
archivos/1613/original/1088.wav	123.047	2.5742
archivos/1545/original/1090.wav	135.999	5.39791
archivos/1545/original/1091.wav	135.999	5.39791
archivos/14/original/1092.wav	80.7495	7.1108
archivos/1617/original/1093.wav	114.844	7.09337
archivos/1618/original/1094.wav	103.359	6.0301
archivos/1618/original/1095.wav	120.185	10.0272
archivos/300/original/1097.wav	184.57	5.28387
archivos/1618/original/1098.wav	99.384	2.80797
archivos/1618/original/1099.wav	101.333	5.75769
archivos/1625/original/1100.wav	90.6661	3.86963
archivos/1625/original/1101.wav	143.555	1.47059
archivos/74/original/1102.wav	112.347	9.12081
archivos/1626/original/1111.wav	109.957	6.25337
archivos/1626/original/1113.wav	114.844	6.64267
archivos/1626/original/1115.wav	97.5088	8.88931
archivos/1626/original/1120.wav	135.999	5.87142
archivos/1626/original/1121.wav	126.048	5.97094
archivos/1626/original/1122.wav	135.999	5.52878
archivos/74/original/1123.wav	126.048	2.76522
archivos/1626/original/1124.wav	99.384	5.73396
archivos/15/original/1125.wav	161.499	4.09862
archivos/15/original/1126.wav	161.499	4.09862
archivos/1647/original/1128.wav	172.266	6.49823
archivos/1647/original/1129.wav	87.5927	5.40299
archivos/1169/original/1130.wav	86.1328	6.16897
archivos/1647/original/1131.wav	86.1328	3.68318
archivos/1683/original/1132.wav	99.384	2.138
archivos/1686/original/1133.wav	161.499	5.57649
archivos/1686/original/1134.wav	90.6661	6.30085
archivos/1686/original/1135.wav	89.1029	4.09195
archivos/1686/original/1136.wav	101.333	5.48833
archivos/1220/original/1137.wav	166.709	5.55598
archivos/1698/original/1138.wav	114.844	4.69333
archivos/1698/original/1139.wav	143.555	5.14286
archivos/1711/original/1141.wav	120.185	8.37629
archivos/1711/original/1142.wav	112.347	4.66248
archivos/1711/original/1143.wav	120.185	4.8752
archivos/1711/original/1144.wav	120.185	5.133
archivos/1737/original/1145.wav	105.469	1.33166
archivos/1737/original/1146.wav	105.469	2.36098
archivos/1737/original/1148.wav	101.333	1.38169
archivos/1737/original/1149.wav	101.333	3.53714
archivos/1744/original/1150.wav	156.605	4.98564
archivos/1744/original/1152.wav	89.1029	7.63047
archivos/1745/original/1153.wav	129.199	8.94798
archivos/1169/original/1154.wav	86.1328	6.16897
archivos/1751/original/1155.wav	112.347	5.03993
archivos/1762/original/1156.wav	87.5927	5.48387
archivos/1768/original/1158.wav	103.359	4.86038
archivos/1751/original/1159.wav	139.675	8.55354
archivos/1744/original/1161.wav	126.048	5.42268
archivos/1777/original/1162.wav	132.512	8.52897
archivos/1777/original/1163.wav	139.675	1.20548
archivos/1777/original/1164.wav	147.656	7.52754
archivos/1777/original/1165.wav	135.999	1.60553
archivos/82/original/1166.wav	151.999	5.65385
archivos/82/original/1167.wav	117.454	9.04504
archivos/650/original/1168.wav	101.333	3.98911
archivos/1801/original/1169.wav	123.047	6.54161
archivos/1801/original/1171.wav	123.047	3.44127
archivos/1801/original/1172.wav	123.047	5.59069
archivos/1801/original/1173.wav	123.047	2.70396
archivos/1801/original/1174.wav	123.047	6.50347
archivos/1801/original/1175.wav	123.047	1.484
archivos/1801/original/1176.wav	123.047	3.17029
archivos/1220/original/1178.wav	90.6661	7.50442
archivos/1823/original/1179.wav	151.999	3.10682
archivos/1768/original/1181.wav	112.347	6.16729
archivos/1744/original/1182.wav	120.185	2.86823
archivos/1830/original/1183.wav	156.605	4.91874
archivos/650/original/1184.wav	123.047	4.16781
archivos/14/original/1185.wav	151.999	7.54286
archivos/14/original/1186.wav	75.9995	10.7536
archivos/14/original/1187.wav	74.8981	5.8
archivos/14/original/1188.wav	75.9995	6.0
archivos/14/original/1189.wav	151.999	5.942
archivos/650/original/1191.wav	107.666	6.94595
archivos/9/original/1193.wav	74.8981	10.0
archivos/9/original/1194.wav	123.047	8.90909
archivos/9/original/1195.wav	105.469	4.15385
archivos/9/original/1196.wav	4.81818	-1.0
archivos/9/original/1197.wav	5.33333	-1.0
archivos/9/original/1198.wav	9.125	-1.0
archivos/9/original/1199.wav	99.384	4.66667
archivos/9/original/1200.wav	78.3026	3.53333
archivos/9/original/1201.wav	103.359	2.24444
archivos/9/original/1202.wav	6.84211	-1.0
archivos/9/original/1203.wav	120.185	3.46154
archivos/9/original/1204.wav	9.25	-1.0
archivos/1845/original/1213.wav	132.512	4.9087
archivos/1845/original/1214.wav	132.512	4.21136
archivos/1845/original/1215.wav	101.333	3.78818
archivos/1617/original/1216.wav	112.347	7.65821
archivos/82/original/1217.wav	135.999	2.17981
archivos/1313/original/1220.wav	117.454	6.07442
archivos/1857/original/1221.wav	97.5088	7.54515
archivos/1858/original/1223.wav	107.666	8.27386
archivos/1858/original/1224.wav	132.512	5.98069
archivos/1858/original/1225.wav	120.185	3.07676
archivos/1865/original/1226.wav	93.9631	2.76316
archivos/1865/original/1227.wav	126.048	3.93182
archivos/1865/original/1228.wav	178.206	6.8754
archivos/1865/original/1229.wav	126.048	7.82393
archivos/1865/original/1230.wav	126.048	5.01657
archivos/1871/original/1231.wav	83.3543	3.49227
archivos/563/original/1232.wav	129.199	7.33843
archivos/563/original/1233.wav	139.675	3.82959
archivos/563/original/1234.wav	129.199	4.02026
archivos/563/original/1235.wav	129.199	3.94151
archivos/563/original/1236.wav	129.199	6.75898
archivos/563/original/1237.wav	86.1328	3.06985
archivos/563/original/1238.wav	120.185	3.3723
archivos/1744/original/1239.wav	129.199	4.15726
archivos/1744/original/1240.wav	126.048	6.81366
archivos/1874/original/1242.wav	95.7031	4.96386
archivos/1866/original/1243.wav	151.999	8.66265
archivos/1860/original/1245.wav	97.5088	7.54515
archivos/1902/original/1247.wav	80.7495	7.49883
archivos/650/original/1248.wav	129.199	8.03454
archivos/1297/original/1251.wav	114.844	3.38796
archivos/1144/original/1252.wav	151.999	5.61033
archivos/74/original/1253.wav	109.957	7.03756
archivos/1744/original/1254.wav	90.6661	6.23364
archivos/1942/original/1258.wav	112.347	3.8324
archivos/1948/original/1259.wav	117.454	7.95251
archivos/1948/original/1260.wav	120.185	4.29522
archivos/1948/original/1261.wav	103.359	5.42882
archivos/1948/original/1262.wav	139.675	5.71822
archivos/1948/original/1263.wav	126.048	4.33212
archivos/1948/original/1264.wav	184.57	6.99735
archivos/1948/original/1265.wav	90.6661	5.75338
archivos/1617/original/1266.wav	97.5088	8.2582
archivos/1957/original/1267.wav	103.359	5.45963
archivos/1957/original/1268.wav	97.5088	3.69412
archivos/1957/original/1269.wav	101.333	5.79605
archivos/1967/original/1270.wav	120.185	5.52226
archivos/1969/original/1271.wav	123.047	4.7435
archivos/1969/original/1272.wav	82.0312	7.58333
archivos/1969/original/1273.wav	112.347	8.18095
archivos/74/original/1275.wav	2.66667	-1.0
archivos/74/original/1277.wav	80.7495	3.71918
archivos/1989/original/1279.wav	114.844	5.53556
archivos/794/original/1281.wav	123.047	4.21429
archivos/1865/original/1282.wav	132.512	3.66563
archivos/1865/original/1283.wav	132.512	8.13222
archivos/1865/original/1284.wav	139.675	4.14
archivos/1865/original/1285.wav	93.9631	3.70244
archivos/1865/original/1286.wav	129.199	7.48665
archivos/1999/original/1287.wav	132.512	3.4678
archivos/1999/original/1288.wav	97.5088	3.20339
archivos/1999/original/1289.wav	97.5088	2.51186
archivos/1999/original/1290.wav	95.7031	2.14576
archivos/1999/original/1291.wav	97.5088	1.68896
archivos/80/original/1294.wav	95.7031	4.70339
archivos/80/original/1295.wav	129.199	5.42146
archivos/1297/original/1296.wav	135.999	5.74912
archivos/2016/original/1298.wav	95.7031	6.68122
archivos/2016/original/1299.wav	83.3543	6.16566
archivos/794/original/1301.wav	3.0	-1.0
archivos/2021/original/1302.wav	139.675	6.86792
archivos/2021/original/1303.wav	161.499	7.28826
archivos/2021/original/1304.wav	123.047	6.664
archivos/2021/original/1305.wav	129.199	6.39869
archivos/2023/original/1306.wav	112.347	6.4727
archivos/1976/original/1307.wav	112.347	5.85393
archivos/1976/original/1308.wav	129.199	6.61423
archivos/15/original/1309.wav	161.499	1.0
archivos/794/original/1310.wav	126.048	3.90765
archivos/2048/original/1312.wav	126.048	3.66589
archivos/2048/original/1313.wav	151.999	3.40594
archivos/2048/original/1314.wav	123.047	4.59538
archivos/2059/original/1315.wav	101.333	6.80299
archivos/2060/original/1316.wav	101.333	8.28631
archivos/2074/original/1317.wav	84.7208	5.625
archivos/2070/original/1318.wav	90.6661	7.01533
archivos/2080/original/1319.wav	99.384	10.0274
archivos/2087/original/1320.wav	132.512	5.74648
archivos/251/original/1321.wav	90.6661	5.33475
archivos/1297/original/1322.wav	156.605	3.89496
archivos/2070/original/1323.wav	166.709	7.14683
archivos/2091/original/1324.wav	172.266	8.00372
archivos/2091/original/1325.wav	143.555	6.39796
archivos/2060/original/1326.wav	156.605	7.92105
archivos/2060/original/1327.wav	151.999	3.50725
archivos/2048/original/1328.wav	112.347	5.50031
archivos/848/original/1329.wav	161.499	5.71875
archivos/2106/original/1330.wav	126.048	6.45222
archivos/1297/original/1331.wav	156.605	2.02041
archivos/735/original/1332.wav	132.512	6.48635
archivos/735/original/1333.wav	151.999	4.52663
archivos/2123/original/1334.wav	107.666	7.15177
archivos/2123/original/1335.wav	114.844	6.64563
archivos/2123/original/1336.wav	123.047	4.67016
archivos/2123/original/1337.wav	135.999	3.60748
archivos/2123/original/1338.wav	109.957	4.49444
archivos/2124/original/1339.wav	126.048	3.59596
archivos/2133/original/1341.wav	139.675	3.05802
archivos/2132/original/1342.wav	139.675	3.05802
archivos/80/original/1343.wav	143.555	2.07732
archivos/74/original/1344.wav	191.406	8.0
archivos/1999/original/1347.wav	120.185	9.06186
archivos/1999/original/1348.wav	132.512	5.61333
archivos/1999/original/1349.wav	117.454	5.03093
archivos/1999/original/1350.wav	93.9631	10.4948
archivos/1999/original/1351.wav	93.9631	7.43077
archivos/1999/original/1352.wav	93.9631	5.9697
archivos/2161/original/1355.wav	107.666	6.63716
archivos/2161/original/1356.wav	126.048	8.81754
archivos/2161/original/1357.wav	117.454	7.45151
archivos/2161/original/1358.wav	126.048	6.39617
archivos/2168/original/1359.wav	198.768	10.0488
archivos/2173/original/1361.wav	112.347	3.53086
archivos/2180/original/1362.wav	114.844	9.58239
archivos/2180/original/1363.wav	93.9631	8.02703
archivos/2181/original/1364.wav	89.1029	6.53398
archivos/2181/original/1365.wav	114.844	9.58239
archivos/2181/original/1366.wav	93.9631	8.02703
archivos/2182/original/1367.wav	89.1029	6.53398
archivos/2184/original/1368.wav	89.1029	6.53398
archivos/2180/original/1369.wav	89.1029	6.53398
archivos/2184/original/1371.wav	114.844	9.58239
archivos/2184/original/1372.wav	93.9631	8.02703
archivos/2182/original/1373.wav	114.844	9.58239
archivos/2182/original/1374.wav	93.9631	8.02703
archivos/2182/original/1375.wav	89.1029	6.53398
archivos/2187/original/1376.wav	123.047	8.24233
archivos/2187/original/1377.wav	114.844	9.58239
archivos/2189/original/1378.wav	89.1029	6.53398
archivos/2189/original/1379.wav	112.347	7.19675
archivos/2189/original/1380.wav	114.844	9.58239
archivos/2189/original/1381.wav	112.347	6.93464
archivos/2190/original/1382.wav	107.666	9.53213
archivos/2190/original/1383.wav	89.1029	6.53398
archivos/2190/original/1384.wav	114.844	9.58239
archivos/2187/original/1385.wav	89.1029	6.53398
archivos/2190/original/1386.wav	93.9631	8.02703
archivos/2187/original/1387.wav	114.844	9.58239
archivos/2191/original/1388.wav	123.047	8.48247
archivos/2193/original/1389.wav	123.047	1.37357
archivos/2188/original/1390.wav	89.1029	6.53398
archivos/2188/original/1391.wav	114.844	9.58239
archivos/2188/original/1392.wav	93.9631	8.02703
archivos/2197/original/1393.wav	143.555	8.65574
archivos/2196/original/1394.wav	114.844	5.68451
archivos/752/original/1395.wav	172.266	5.15945
archivos/752/original/1396.wav	75.9995	6.13333
archivos/752/original/1397.wav	172.266	1.84638
archivos/2188/original/1398.wav	93.9631	8.02703
archivos/2206/original/1399.wav	93.9631	8.02703
archivos/2206/original/1400.wav	114.844	9.58239
archivos/2207/original/1401.wav	89.1029	6.53398
archivos/2207/original/1403.wav	89.1029	6.53398
archivos/2207/original/1404.wav	114.844	9.58239
archivos/2207/original/1405.wav	93.9631	8.02703
archivos/2207/original/1406.wav	89.1029	6.53398
archivos/2191/original/1407.wav	123.047	9.63416
archivos/2208/original/1408.wav	89.1029	6.53398
archivos/2191/original/1409.wav	89.1029	6.53398
archivos/2208/original/1410.wav	114.844	9.58239
archivos/2208/original/1411.wav	93.9631	8.02703
archivos/2206/original/1412.wav	89.1029	6.53398
archivos/2209/original/1413.wav	114.844	9.79365
archivos/2210/original/1414.wav	126.048	10.1448
archivos/2211/original/1415.wav	129.199	3.13509
archivos/19/original/1417.wav	143.555	5.76132
archivos/2211/original/1418.wav	120.185	4.5407
archivos/19/original/1419.wav	93.9631	1.08
archivos/19/original/1420.wav	93.9631	5.81633
archivos/2217/original/1421.wav	132.512	5.37052
archivos/2217/original/1422.wav	103.359	8.65596
archivos/255/original/1424.wav	107.666	7.31499
archivos/1754/original/1425.wav	123.047	6.94892
archivos/2221/original/1426.wav	95.7031	9.40946
archivos/2224/original/1427.wav	129.199	2.30518
archivos/2228/original/1429.wav	126.048	7.35055
archivos/1969/original/1431.wav	99.384	4.5578
archivos/1969/original/1432.wav	107.666	4.91304
archivos/2080/original/1433.wav	83.3543	6.30956
archivos/2236/original/1434.wav	123.047	5.24654
archivos/2236/original/1435.wav	123.047	7.33975
archivos/2236/original/1436.wav	120.185	4.91358
archivos/2228/original/1437.wav	129.199	3.13509
archivos/2250/original/1440.wav	120.185	8.31053
archivos/2250/original/1441.wav	147.656	5.6846
archivos/2250/original/1442.wav	129.199	5.81524
archivos/2250/original/1443.wav	147.656	3.68831
archivos/2250/original/1444.wav	139.675	4.83258
archivos/2264/original/1445.wav	143.555	8.04938
archivos/1969/original/1447.wav	151.999	4.07837
archivos/1969/original/1450.wav	135.999	5.41833
archivos/1969/original/1454.wav	105.469	2.9494
archivos/2091/original/1455.wav	161.499	1.87616
archivos/2304/original/1456.wav	93.9631	5.91549
archivos/2325/original/1457.wav	120.185	8.79208
archivos/2328/original/1458.wav	166.709	9.53055
archivos/2325/original/1459.wav	90.6661	7.87324
archivos/2333/original/1460.wav	80.7495	4.18537
archivos/2333/original/1462.wav	132.512	3.66667
archivos/2341/original/1463.wav	132.512	4.68685
archivos/2342/original/1466.wav	109.957	5.4
archivos/2342/original/1467.wav	93.9631	8.1746
archivos/2342/original/1468.wav	143.555	5.69921
archivos/2314/original/1469.wav	120.185	5.3451
archivos/2314/original/1470.wav	117.454	5.8617
archivos/2348/original/1471.wav	93.9631	11.0
archivos/2348/original/1472.wav	84.7208	7.14435
archivos/2348/original/1474.wav	166.709	7.0625
archivos/2348/original/1475.wav	126.048	1.96731
archivos/2348/original/1476.wav	123.047	5.26629
archivos/2348/original/1477.wav	105.469	5.93427
archivos/2348/original/1478.wav	107.666	7.85751
archivos/2348/original/1479.wav	129.199	9.55805
archivos/2348/original/1480.wav	126.048	8.05818
archivos/2348/original/1481.wav	95.7031	8.06313
archivos/2353/original/1482.wav	129.199	7.73725
archivos/2348/original/1483.wav	126.048	5.26641
archivos/2361/original/1484.wav	123.047	4.17705
archivos/2384/original/1485.wav	132.512	7.65517
archivos/2384/original/1486.wav	147.656	8.96791
archivos/2388/original/1487.wav	151.999	7.32512
archivos/2397/original/1488.wav	143.555	3.25308
archivos/2405/original/1490.wav	107.666	8.5428
archivos/2407/original/1491.wav	92.2852	7.10873
archivos/2407/original/1492.wav	120.185	6.47119
archivos/2424/original/1493.wav	6.0	-1.0
archivos/2427/original/1495.wav	123.047	1.0
archivos/2342/original/1498.wav	101.333	3.46851
archivos/2434/original/1499.wav	105.469	7.05672
archivos/2437/original/1500.wav	103.359	3.19157
archivos/2438/original/1501.wav	156.605	3.60324
archivos/2442/original/1502.wav	112.347	6.7113
archivos/2444/original/1503.wav	69.8374	6.98667
archivos/2323/original/1505.wav	95.7031	3.03025
archivos/2448/original/1506.wav	99.384	8.43478
archivos/286/original/1507.wav	143.555	7.44665
archivos/286/original/1508.wav	143.555	7.03011
archivos/286/original/1511.wav	75.9995	8.66667
archivos/2457/original/1512.wav	129.199	1.95487
archivos/2217/original/1513.wav	161.499	5.52847
archivos/2457/original/1514.wav	166.709	5.88335
archivos/2457/original/1517.wav	123.047	3.63591
archivos/2457/original/1518.wav	117.454	7.22504
archivos/2457/original/1519.wav	97.5088	9.32059
archivos/2457/original/1520.wav	105.469	7.10123
archivos/2457/original/1521.wav	93.9631	1.51683
archivos/2457/original/1522.wav	151.999	4.05032
archivos/2457/original/1523.wav	151.999	4.05032
archivos/2457/original/1524.wav	129.199	1.95487
archivos/2457/original/1525.wav	101.333	8.5374
archivos/2457/original/1526.wav	120.185	8.07692
archivos/2437/original/1527.wav	83.3543	7.59233
archivos/2465/original/1528.wav	147.656	6.93644
archivos/72/original/1530.wav	120.185	6.10896
archivos/19/original/1531.wav	12.0	-1.0
archivos/19/original/1532.wav	67.9996	10.931
archivos/19/original/1533.wav	97.5088	6.42857
archivos/19/original/1534.wav	120.185	7.76364
archivos/2014/original/1536.wav	117.454	3.99393
archivos/2448/original/1537.wav	101.333	6.65385
archivos/880/original/1538.wav	120.185	5.27778
archivos/2528/original/1542.wav	166.709	7.46393
archivos/2537/original/1545.wav	143.555	3.82099
archivos/2539/original/1546.wav	123.047	5.12698
archivos/2541/original/1547.wav	135.999	5.87835
archivos/387/original/1549.wav	75.9995	8.11585
archivos/387/original/1551.wav	95.7031	4.63255
archivos/387/original/1554.wav	156.605	5.78723
archivos/2652/original/1556.wav	135.999	6.74709
archivos/2652/original/1557.wav	101.333	4.56436
archivos/2652/original/1558.wav	178.206	4.08806
archivos/2652/original/1559.wav	161.499	3.28804
archivos/2236/original/1561.wav	172.266	4.8439
archivos/2236/original/1562.wav	161.499	4.32804
archivos/1410/original/1564.wav	129.199	3.30017
archivos/1410/original/1567.wav	126.048	4.92396
archivos/1410/original/1568.wav	120.185	5.71756
archivos/1410/original/1570.wav	11.6667	-1.0
archivos/2683/original/1571.wav	75.9995	7.91637
archivos/2683/original/1573.wav	129.199	6.55748
archivos/2683/original/1574.wav	69.8374	8.0
archivos/2683/original/1575.wav	166.709	6.14537
archivos/2683/original/1576.wav	132.512	6.47811
archivos/2683/original/1577.wav	75.9995	8.0
archivos/2683/original/1578.wav	120.185	6.55007
archivos/2683/original/1579.wav	89.1029	3.0
archivos/2683/original/1580.wav	123.047	7.70609
archivos/2683/original/1581.wav	72.7883	4.28267
archivos/2652/original/1582.wav	143.555	3.94719
archivos/2689/original/1583.wav	1.33333	-1.0
archivos/2689/original/1584.wav	8.0	-1.0
archivos/2689/original/1585.wav	4.0	-1.0
archivos/667/original/1587.wav	101.333	3.79245
archivos/667/original/1588.wav	101.333	6.67742
archivos/667/original/1589.wav	101.333	5.46667
archivos/667/original/1590.wav	101.333	5.57868
archivos/667/original/1592.wav	103.359	8.0
archivos/2405/original/1593.wav	117.454	4.43083
archivos/2405/original/1594.wav	139.675	5.41611
archivos/2708/original/1598.wav	123.047	8.84691
archivos/2652/original/1601.wav	123.047	8.01278
archivos/2713/original/1602.wav	86.1328	5.0916
archivos/2724/original/1603.wav	103.359	6.98307
archivos/2724/original/1604.wav	129.199	6.39016
archivos/2724/original/1605.wav	151.999	6.26821
archivos/1908/original/1607.wav	139.675	8.71918
archivos/1908/original/1610.wav	143.555	3.25392
archivos/1908/original/1611.wav	93.9631	5.79625
archivos/1908/original/1612.wav	139.675	3.79638
archivos/1908/original/1613.wav	147.656	6.38601
archivos/1908/original/1614.wav	129.199	2.56383
archivos/2735/original/1617.wav	114.844	2.92579
archivos/2735/original/1618.wav	123.047	5.0
archivos/2735/original/1619.wav	120.185	6.10603
archivos/2448/original/1622.wav	93.9631	7.74174
archivos/1617/original/1623.wav	143.555	7.78986
archivos/1617/original/1624.wav	107.666	8.0
archivos/2735/original/1625.wav	151.999	5.81328
archivos/2801/original/1626.wav	83.3543	4.82609
archivos/2735/original/1627.wav	161.499	8.55629
archivos/2735/original/1629.wav	92.2852	7.20968
archivos/2735/original/1630.wav	95.7031	4.79612
archivos/2735/original/1631.wav	95.7031	6.72683
archivos/2735/original/1632.wav	126.048	7.26829
archivos/2735/original/1633.wav	143.555	8.4
archivos/2735/original/1634.wav	156.605	5.29032
archivos/2735/original/1635.wav	105.469	9.26087
archivos/2735/original/1636.wav	123.047	6.20918
archivos/2735/original/1638.wav	172.266	3.73231
archivos/2735/original/1639.wav	93.9631	6.60241
archivos/2735/original/1640.wav	166.709	6.85106
archivos/2735/original/1641.wav	151.999	7.53125
archivos/2735/original/1642.wav	132.512	2.74737
archivos/2735/original/1643.wav	103.359	4.11765
archivos/2735/original/1644.wav	93.9631	4.22581
archivos/2735/original/1645.wav	184.57	4.36364
archivos/2735/original/1646.wav	161.499	7.66926
archivos/2735/original/1647.wav	-1.0	-1.0
archivos/2735/original/1648.wav	89.1029	8.17073
archivos/2735/original/1649.wav	107.666	6.33333
archivos/2735/original/1650.wav	139.675	5.79048
archivos/2735/original/1651.wav	-1.0	-1.0
archivos/2735/original/1652.wav	129.199	5.64286
archivos/2735/original/1653.wav	126.048	6.51136
archivos/2735/original/1654.wav	139.675	4.53211
archivos/2735/original/1655.wav	156.605	6.51429
archivos/2735/original/1656.wav	-1.0	-1.0
archivos/2735/original/1657.wav	120.185	6.31482
archivos/2807/original/1659.wav	147.656	8.21605
archivos/2807/original/1660.wav	135.999	5.99685
archivos/2807/original/1661.wav	161.499	7.11067
archivos/2807/original/1662.wav	109.957	6.08306
archivos/2735/original/1663.wav	139.675	3.2
archivos/2735/original/1664.wav	135.999	6.76543
archivos/2807/original/1665.wav	109.957	6.08306
archivos/2735/original/1666.wav	126.048	8.0
archivos/2735/original/1667.wav	120.185	2.80864
archivos/2735/original/1668.wav	129.199	3.45985
archivos/2735/original/1669.wav	101.333	4.27273
archivos/2735/original/1670.wav	132.512	6.09091
archivos/2735/original/1673.wav	184.57	7.47222
archivos/2735/original/1674.wav	120.185	5.36471
archivos/2735/original/1675.wav	156.605	2.57346
archivos/2735/original/1677.wav	161.499	7.46825
archivos/2807/original/1678.wav	143.555	6.15
archivos/2807/original/1679.wav	172.266	2.0
archivos/2807/original/1680.wav	206.719	7.41935
archivos/2807/original/1681.wav	105.469	5.96296
archivos/2735/original/1682.wav	107.666	8.40576
archivos/2735/original/1683.wav	135.999	5.65143
archivos/2735/original/1684.wav	151.999	4.73054
archivos/2735/original/1686.wav	117.454	7.87755
archivos/2735/original/1687.wav	123.047	6.29762
archivos/2735/original/1689.wav	126.048	6.03247
archivos/2735/original/1690.wav	82.0312	3.98204
archivos/2735/original/1691.wav	1.0	-1.0
archivos/2735/original/1692.wav	135.999	6.8607
archivos/2735/original/1693.wav	112.347	6.49682
archivos/2735/original/1694.wav	151.999	10.012
archivos/2735/original/1695.wav	156.605	8.83333
archivos/2735/original/1696.wav	112.347	6.61957
archivos/2735/original/1697.wav	161.499	8.38889
archivos/2735/original/1698.wav	135.999	4.40716
archivos/2735/original/1699.wav	156.605	3.83158
archivos/2735/original/1700.wav	151.999	8.60697
archivos/2735/original/1701.wav	151.999	7.75668
archivos/2735/original/1702.wav	107.666	8.53659
archivos/2735/original/1703.wav	112.347	7.62304
archivos/2735/original/1704.wav	105.469	7.06667
archivos/2735/original/1705.wav	166.709	9.31667
archivos/2735/original/1706.wav	120.185	6.78281
archivos/2735/original/1707.wav	109.957	6.91077
archivos/2812/original/1708.wav	191.406	9.7027
archivos/2735/original/1709.wav	107.666	3.50943
archivos/2735/original/1710.wav	114.844	6.34545
archivos/2735/original/1711.wav	105.469	3.60123
archivos/2735/original/1712.wav	107.666	2.47619
archivos/2735/original/1713.wav	117.454	8.85714
archivos/2735/original/1714.wav	166.709	6.7619
archivos/2735/original/1715.wav	161.499	6.38095
archivos/2735/original/1716.wav	132.512	6.37975
archivos/2735/original/1717.wav	129.199	6.26199
archivos/2735/original/1718.wav	75.9995	5.0
archivos/2735/original/1719.wav	120.185	3.12963
archivos/2735/original/1720.wav	132.512	4.67372
archivos/2735/original/1722.wav	112.347	4.55591
archivos/2735/original/1724.wav	143.555	8.9144
archivos/2735/original/1726.wav	172.266	2.0
archivos/2735/original/1727.wav	206.719	7.41935
archivos/2735/original/1728.wav	143.555	6.15
archivos/2735/original/1729.wav	105.469	5.96296
archivos/2735/original/1730.wav	161.499	7.11067
archivos/2735/original/1731.wav	135.999	5.99685
archivos/2735/original/1732.wav	147.656	8.21605
archivos/2735/original/1733.wav	109.957	6.08306
archivos/2823/original/1734.wav	151.999	3.8336
archivos/2735/original/1741.wav	114.844	3.02811
archivos/2735/original/1742.wav	117.454	3.84034
archivos/2735/original/1743.wav	99.384	4.98667
archivos/2735/original/1744.wav	139.675	4.96327
archivos/2735/original/1745.wav	126.048	2.27138
archivos/2735/original/1746.wav	132.512	7.18482
archivos/2735/original/1749.wav	112.347	3.97521
archivos/2735/original/1751.wav	126.048	4.63673
archivos/2735/original/1752.wav	80.7495	6.21739
archivos/2735/original/1753.wav	80.7495	6.21739
archivos/2735/original/1754.wav	161.499	2.43902
archivos/2735/original/1755.wav	105.469	5.63415
archivos/2735/original/1756.wav	147.656	6.7101
archivos/2735/original/1757.wav	120.185	5.77193
archivos/2735/original/1758.wav	143.555	5.33154
archivos/2735/original/1759.wav	129.199	8.5
archivos/2735/original/1760.wav	135.999	4.78723
archivos/2735/original/1761.wav	135.999	6.65263
archivos/2735/original/1762.wav	206.719	7.41935
archivos/2735/original/1763.wav	172.266	2.0
archivos/2735/original/1764.wav	143.555	6.15
archivos/2735/original/1765.wav	105.469	5.96296
archivos/2735/original/1766.wav	139.675	5.31034
archivos/2735/original/1767.wav	126.048	5.27168
archivos/2735/original/1768.wav	107.666	5.63758
archivos/2735/original/1769.wav	120.185	5.21569
archivos/2735/original/1770.wav	120.185	3.29236
archivos/2735/original/1771.wav	-1.0	-1.0
archivos/2735/original/1772.wav	-1.0	-1.0
archivos/2735/original/1773.wav	139.675	4.66667
archivos/2735/original/1774.wav	120.185	4.4491
archivos/2735/original/1775.wav	172.266	6.82569
archivos/2735/original/1776.wav	90.6661	6.27273
archivos/2735/original/1777.wav	143.555	4.09023
archivos/2735/original/1778.wav	172.266	8.45679
archivos/2735/original/1779.wav	178.206	3.28713
archivos/2735/original/1780.wav	132.512	6.57377
archivos/2735/original/1781.wav	105.469	3.60284
archivos/2735/original/1782.wav	120.185	6.74052
archivos/2890/original/1783.wav	123.047	6.37152
archivos/2890/original/1784.wav	120.185	4.01967
archivos/2735/original/1785.wav	126.048	5.52294
archivos/2735/original/1786.wav	139.675	8.25352
archivos/2892/original/1788.wav	143.555	6.54867
archivos/2892/original/1789.wav	120.185	6.35366
archivos/2907/original/1791.wav	101.333	6.66029
archivos/2907/original/1792.wav	112.347	4.0
archivos/2907/original/1794.wav	120.185	2.52195
archivos/1908/original/1795.wav	139.675	5.57566
archivos/1220/original/1797.wav	151.999	6.30413
archivos/1220/original/1798.wav	93.9631	6.29098
archivos/1144/original/1799.wav	105.469	5.07221
archivos/2735/original/1800.wav	135.999	4.94429
archivos/2941/original/1801.wav	120.185	1.95431
archivos/1220/original/1802.wav	156.605	3.5641
archivos/1220/original/1803.wav	112.347	3.01364
archivos/1220/original/1804.wav	132.512	5.56812
archivos/1220/original/1805.wav	129.199	2.0
archivos/1220/original/1806.wav	120.185	3.41399
archivos/1144/original/1808.wav	139.675	9.16732
archivos/2970/original/1809.wav	123.047	4.80036
archivos/2970/original/1810.wav	112.347	9.10494
archivos/2970/original/1811.wav	123.047	1.05645
archivos/2970/original/1812.wav	97.5088	5.62019
archivos/1144/original/1813.wav	103.359	6.15498
archivos/3084/original/1816.wav	90.6661	6.07782
archivos/3081/original/1817.wav	120.185	6.86835
archivos/3094/original/1818.wav	129.199	5.50404
archivos/3104/original/1821.wav	86.1328	2.80227
archivos/2091/original/1822.wav	143.555	6.22951
archivos/3112/original/1823.wav	95.7031	9.60907
archivos/251/original/1824.wav	92.2852	5.32129
archivos/251/original/1825.wav	178.206	5.344
archivos/251/original/1826.wav	95.7031	5.15608
archivos/251/original/1827.wav	92.2852	2.67111
archivos/251/original/1828.wav	184.57	3.13256
archivos/251/original/1830.wav	89.1029	4.41143
archivos/2342/original/1831.wav	99.384	3.72841
archivos/1617/original/1833.wav	103.359	5.22078
archivos/2970/original/1834.wav	123.047	4.1617
archivos/1220/original/1835.wav	135.999	4.79623
archivos/1220/original/1836.wav	139.675	4.76579
archivos/1220/original/1837.wav	135.999	4.79623
archivos/2236/original/1838.wav	172.266	7.9413
archivos/3185/original/1839.wav	120.185	5.64948
archivos/2250/original/1840.wav	132.512	6.63004
archivos/2250/original/1841.wav	126.048	5.59207
archivos/2250/original/1842.wav	87.5927	5.97283
archivos/2250/original/1843.wav	126.048	6.79214
archivos/3200/original/1844.wav	135.999	4.0
archivos/80/original/1845.wav	143.555	6.98404
archivos/80/original/1846.wav	147.656	6.42739
archivos/80/original/1847.wav	107.666	4.89655
archivos/80/original/1848.wav	101.333	4.64706
archivos/80/original/1849.wav	161.499	4.89189
archivos/80/original/1850.wav	126.048	7.42049
archivos/2236/original/1853.wav	123.047	9.20741
archivos/80/original/1854.wav	93.9631	6.3871
archivos/74/original/1855.wav	129.199	7.52853
archivos/1220/original/1856.wav	109.957	4.95513
archivos/2250/original/1857.wav	147.656	4.95775
archivos/2250/original/1858.wav	151.999	5.13636
archivos/2250/original/1859.wav	151.999	5.78236
archivos/1617/original/1861.wav	101.333	7.40625
archivos/907/original/1862.wav	139.675	3.97372
archivos/3256/original/1864.wav	166.709	4.38
archivos/3256/original/1867.wav	156.605	4.97326
archivos/3256/original/1868.wav	166.709	3.61458
archivos/3256/original/1869.wav	132.512	4.39303
archivos/2378/original/1870.wav	101.333	5.43939
archivos/2378/original/1871.wav	103.359	7.9759
archivos/2378/original/1872.wav	82.0312	4.34821
archivos/2378/original/1873.wav	156.605	2.28682
archivos/2378/original/1874.wav	151.999	3.47668
archivos/80/original/1875.wav	93.9631	6.79661
archivos/2033/original/1876.wav	89.1029	7.08939
archivos/650/original/1877.wav	123.047	4.37204
archivos/2033/original/1878.wav	90.6661	10.551
archivos/3295/original/1879.wav	90.6661	6.82383
archivos/3300/original/1880.wav	101.333	6.5079
archivos/3280/original/1881.wav	132.512	5.41118
archivos/2250/original/1883.wav	112.347	7.00361
archivos/2250/original/1884.wav	109.957	3.70982
archivos/372/original/1885.wav	156.605	2.30024
archivos/3346/original/1886.wav	126.048	9.6
archivos/2537/original/1887.wav	112.347	5.84
archivos/2537/original/1888.wav	143.555	5.96513
archivos/650/original/1889.wav	132.512	6.78427
archivos/3280/original/1890.wav	132.512	4.33742
archivos/251/original/1891.wav	95.7031	3.79245
archivos/251/original/1892.wav	92.2852	3.6304
archivos/251/original/1893.wav	95.7031	5.46046
archivos/251/original/1894.wav	114.844	3.62486
archivos/251/original/1895.wav	95.7031	3.55072
archivos/251/original/1896.wav	92.2852	3.48892
archivos/251/original/1897.wav	95.7031	3.13008
archivos/251/original/1898.wav	105.469	5.7946
archivos/880/original/1899.wav	135.999	7.08666
archivos/3374/original/1900.wav	126.048	4.9276
archivos/3374/original/1901.wav	97.5088	4.57746
archivos/2311/original/1903.wav	92.2852	4.83178
archivos/2311/original/1904.wav	112.347	6.51125
archivos/2311/original/1905.wav	172.266	4.48812
archivos/80/original/1906.wav	143.555	5.77439
archivos/3280/original/1907.wav	132.512	4.99471
archivos/880/original/1908.wav	107.666	2.40909
archivos/880/original/1909.wav	123.047	4.76923
archivos/3443/original/1910.wav	101.333	5.70175
archivos/3443/original/1912.wav	126.048	6.47206
archivos/3444/original/1914.wav	97.5088	2.20833
archivos/880/original/1915.wav	161.499	8.91532
archivos/880/original/1916.wav	109.957	2.11111
archivos/1617/original/1917.wav	135.999	7.63855
